{
  "booking_date": [
    451.27559055118115,
    791.8897637795277
  ],
  "booking_no": [
    445.27559055118115,
    777.8897637795277
  ],
  "name": [
    90.0,
    691.8897637795277
  ],
  "so": [
    470.0,
    691.8897637795277
  ],
  "cnic": [
    90.0,
    673.8897637795277
  ],
  "phone": [
    330.0,
    673.8897637795277
  ],
  "brand": [
    100,
    593.8897637795277
  ],
  "model": [
    310,
    593.8897637795277
  ],
  "colour": [
    100,
    565.8897637795277
  ],
  "specifications": [
    360,
    565.8897637795277
  ],
  "total_amount": [
    140,
    537.8897637795277
  ],
  "advance": [
    320,
    537.8897637795277
  ],
  "balance": [
    500,
    537.8897637795277
  ],
  "delivery_date": [
    140,
    509.8897637795277
  ],
  "purchaser_signature": [
    40.0,
    153.8897637795277
  ],
  "authorized_signature": [
    360.0,
    153.8897637795277
  ]
}