{
  "booking_date": [
    451.27559055118115,
    791.8897637795277
  ],
  "booking_no": [
    445.27559055118115,
    777.8897637795277
  ],
  "name": [
    90.0,
    711.8897637795277
  ],
  "so": [
    470.0,
    711.8897637795277
  ],
  "cnic": [
    90.0,
    693.8897637795277
  ],
  "phone": [
    330.0,
    693.8897637795277
  ],
  "brand": [
    100,
    613.8897637795277
  ],
  "model": [
    310,
    613.8897637795277
  ],
  "colour": [
    100,
    585.8897637795277
  ],
  "specifications": [
    360,
    585.8897637795277
  ],
  "total_amount": [
    140,
    557.8897637795277
  ],
  "advance": [
    320,
    557.8897637795277
  ],
  "balance": [
    500,
    557.8897637795277
  ],
  "delivery_date": [
    140,
    529.8897637795277
  ],
  "purchaser_signature": [
    40.0,
    173.8897637795277
  ],
  "authorized_signature": [
    360.0,
    173.8897637795277
  ]
}